Date,Open,High,Low,Close,Adj Close,Volume
2023-08-20 00:00:00,26105.0,26105.0,26105.0,26105.0,26105.0,0.0
2023-08-19 00:00:00,26064.0,26264.0,25805.0,26105.0,26105.0,552300.2819165001
2023-08-18 00:00:00,26606.0,26797.0,25615.0,26030.0,26030.0,1491548.4381079
2023-08-17 00:00:00,28700.0,28758.0,25800.0,26660.0,26660.0,3536343.9065466
2023-08-16 00:00:00,29225.0,29260.0,28741.0,28752.0,28752.0,577585.8990312
2023-08-15 00:00:00,29439.0,29494.0,29071.0,29202.0,29202.0,575499.68119872
2023-08-14 00:00:00,29285.0,29696.0,29101.0,29432.0,29432.0,544296.81227376
2023-08-13 00:00:00,29428.0,29455.0,29271.0,29300.0,29300.0,102932.063503
2023-08-12 00:00:00,29414.0,29482.0,29383.0,29433.0,29433.0,116667.22149045
2023-08-11 00:00:00,29484.0,29550.0,29260.0,29429.0,29429.0,304694.42136135
2023-08-10 00:00:00,29585.0,29735.0,29357.0,29479.0,29479.0,309043.36328495
2023-08-09 00:00:00,29828.0,30131.0,29400.0,29593.0,29593.0,799852.74003677
2023-08-08 00:00:00,29213.0,30200.0,29154.0,29785.0,29785.0,1013451.9408076
2023-08-07 00:00:00,29082.0,29277.0,28700.0,29208.0,29208.0,1009875.37437528
2023-08-06 00:00:00,29059.0,29200.0,28990.0,29090.0,29090.0,153944.2352014
2023-08-05 00:00:00,29123.0,29132.0,29001.0,29078.0,29078.0,1594300.0189235
2023-08-04 00:00:00,29181.0,29311.0,28813.0,29063.0,29063.0,274947.46482571
2023-08-03 00:00:00,29187.0,29429.0,28963.0,29214.0,29214.0,599678.63191566
2023-08-02 00:00:00,29729.0,30025.0,28952.0,29158.0,29158.0,989548.6540386
2023-08-01 00:00:00,29226.0,29700.0,28598.0,29660.0,29660.0,2940210.493564
2023-07-31 00:00:00,29307.0,29500.0,29133.0,29233.0,29233.0,731477.11047022
2023-07-30 00:00:00,29351.0,29442.0,28995.0,29281.0,29281.0,563818.64053788
2023-07-29 00:00:00,29344.0,29398.0,29259.0,29358.0,29358.0,104837.0935941
2023-07-28 00:00:00,29224.0,29528.0,29132.0,29320.0,29320.0,1064961.693836
2023-07-27 00:00:00,29316.0,29548.0,29078.0,29203.0,29203.0,1373730.26151185
2023-07-26 00:00:00,29217.0,29675.0,29102.0,29316.0,29316.0,594804.5115406801
2023-07-25 00:00:00,29169.0,29369.0,29065.0,29221.0,29221.0,349688.40275201004
2023-07-24 00:00:00,30101.0,30101.0,28870.0,29186.0,29186.0,1108527.42391264
2023-07-23 00:00:00,29784.0,30340.0,29771.0,30085.0,30085.0,283772.6883893
2023-07-22 00:00:00,29907.0,29987.0,29627.0,29783.0,29783.0,147693.39128466
2023-07-21 00:00:00,29806.0,30030.0,29734.0,29914.0,29914.0,302527.2160652
2023-07-20 00:00:00,29909.0,30420.0,29572.0,29798.0,29798.0,624786.57208888
2023-07-19 00:00:00,29854.0,30192.0,29788.0,29922.0,29922.0,511399.47020526
2023-07-18 00:00:00,30141.0,30239.0,29513.0,29856.0,29856.0,589887.0287136
2023-07-17 00:00:00,30231.0,30331.0,29665.0,30140.0,30140.0,552353.2057428
2023-07-16 00:00:00,30292.0,30439.0,30058.0,30233.0,30233.0,275667.67299995
2023-07-15 00:00:00,30294.0,30386.0,30238.0,30284.0,30284.0,1478752.73032852
2023-07-14 00:00:00,31461.0,31616.0,29935.0,30315.0,30315.0,1669944.05745255
2023-07-13 00:00:00,30385.0,31800.0,30262.0,31461.0,31461.0,3139795.77686424
2023-07-12 00:00:00,30616.0,30973.0,30224.0,30384.0,30384.0,924989.26031856
2023-07-11 00:00:00,30416.0,30800.0,30313.0,30616.0,30616.0,531509.49264392
2023-07-10 00:00:00,30165.0,31019.0,29939.0,30379.0,30379.0,597373.3355782301
2023-07-09 00:00:00,30311.0,30446.0,30096.0,30139.0,30139.0,143949.47437485
2023-07-08 00:00:00,30329.0,30365.0,30063.0,30262.0,30262.0,282052.6843877
2023-07-07 00:00:00,29886.0,30434.0,29700.0,30332.0,30332.0,493699.78409332
2023-07-06 00:00:00,30497.0,31488.0,29862.0,29885.0,29885.0,2551034.73472925
2023-07-05 00:00:00,30763.0,30868.0,30204.0,30489.0,30489.0,793271.68283592
2023-07-04 00:00:00,31162.0,31323.0,30650.0,30765.0,30765.0,581072.940714
2023-07-03 00:00:00,30620.0,31382.0,30586.0,31117.0,31117.0,797091.1676396
2023-07-02 00:00:00,30585.0,30780.0,30185.0,30569.0,30569.0,575551.0221276201
2023-07-01 00:00:00,30469.0,30656.0,30320.0,30583.0,30583.0,447973.16736795
2023-06-30 00:00:00,30446.0,31500.0,29533.0,30472.0,30472.0,2322485.7662916
2023-06-29 00:00:00,30102.0,30832.0,30069.0,30484.0,30484.0,1159838.10395492
2023-06-28 00:00:00,30677.0,30677.0,29848.0,30063.0,30063.0,2861353.62829338
2023-06-27 00:00:00,30265.0,30977.0,30223.0,30677.0,30677.0,1377007.38459305
2023-06-26 00:00:00,30466.0,30650.0,29927.0,30276.0,30276.0,1184607.81401436
2023-06-25 00:00:00,30528.0,31037.0,30285.0,30448.0,30448.0,545444.96321392
2023-06-24 00:00:00,30651.0,30796.0,30281.0,30527.0,30527.0,705532.03844207
2023-06-23 00:00:00,29889.0,31500.0,29795.0,30674.0,30674.0,3983290.93666336
2023-06-22 00:00:00,29991.0,30500.0,29550.0,29886.0,29886.0,2911595.60329248
2023-06-21 00:00:00,28309.0,30784.0,28272.0,30006.0,30006.0,4222654.44871734
2023-06-20 00:00:00,26816.0,28384.0,26669.0,28312.0,28312.0,1738190.13093656
2023-06-19 00:00:00,26343.0,27061.0,26250.0,26774.0,26774.0,730088.00080436
2023-06-18 00:00:00,26512.0,26701.0,26253.0,26343.0,26343.0,298480.43286981
2023-06-17 00:00:00,26344.0,26833.0,26227.0,26518.0,26518.0,709413.3824358999
2023-06-16 00:00:00,25553.0,26518.0,25196.0,26343.0,26343.0,2052577.68728022
2023-06-15 00:00:00,25130.0,25714.0,24805.0,25595.0,25595.0,1753205.57465565
2023-06-14 00:00:00,25937.0,26087.0,24838.0,25130.0,25130.0,2734048.7751423
2023-06-13 00:00:00,25913.0,26394.0,25716.0,25924.0,25924.0,840324.19190924
2023-06-12 00:00:00,25929.0,26086.0,25633.0,25908.0,25908.0,329933.7606036
2023-06-11 00:00:00,25847.0,26189.0,25637.0,25929.0,25929.0,431836.6735318499
2023-06-10 00:00:00,26477.0,26533.0,25385.0,25840.0,25840.0,1812645.5325728
2023-06-09 00:00:00,26491.0,26751.0,26274.0,26465.0,26465.0,552471.9161181
2023-06-08 00:00:00,26334.0,26816.0,26218.0,26520.0,26520.0,1368239.0712432
2023-06-07 00:00:00,27235.0,27375.0,26136.0,26368.0,26368.0,1179274.86886656
2023-06-06 00:00:00,25729.0,27347.0,25350.0,27226.0,27226.0,1997296.74929886
2023-06-05 00:00:00,27113.0,27129.0,25391.0,25750.0,25750.0,4030267.43515
2023-06-04 00:00:00,27064.0,27448.0,26958.0,27118.0,27118.0,222997.86787824
2023-06-03 00:00:00,27234.0,27326.0,26948.0,27075.0,27075.0,359115.351126
2023-06-02 00:00:00,26817.0,27294.0,26556.0,27239.0,27239.0,763014.7197726901
2023-06-01 00:00:00,27223.0,27351.0,26620.0,26813.0,26813.0,1327090.38516789
2023-05-31 00:00:00,27692.0,27827.0,26843.0,27220.0,27220.0,2098590.0697890003
2023-05-30 00:00:00,27739.0,28037.0,27554.0,27684.0,27684.0,1070847.10786248
2023-05-29 00:00:00,28082.0,28432.0,27542.0,27750.0,27750.0,1547451.365745
2023-05-28 00:00:00,26844.0,28249.0,26793.0,28077.0,28077.0,1788539.58941427
2023-05-27 00:00:00,26702.0,26886.0,26578.0,26857.0,26857.0,177949.69473975
2023-05-26 00:00:00,26482.0,26921.0,26334.0,26713.0,26713.0,539684.0289707701
2023-05-25 00:00:00,26319.0,26621.0,25897.0,26474.0,26474.0,904315.69425358
2023-05-24 00:00:00,27203.0,27203.0,26085.0,26339.0,26339.0,1674094.79096106
2023-05-23 00:00:00,26847.0,27479.0,26817.0,27235.0,27235.0,872550.5876516
2023-05-22 00:00:00,26695.0,27073.0,26543.0,26848.0,26848.0,597272.4989792
2023-05-21 00:00:00,27100.0,27253.0,26674.0,26782.0,26782.0,251037.73648114
2023-05-20 00:00:00,26885.0,27144.0,26844.0,27088.0,27088.0,170898.16111968
2023-05-19 00:00:00,26816.0,27165.0,26653.0,26875.0,26875.0,321414.95063125
2023-05-18 00:00:00,27408.0,27468.0,26372.0,26818.0,26818.0,1265631.86611862
2023-05-17 00:00:00,27036.0,27487.0,26561.0,27408.0,27408.0,1125797.04691296
2023-05-16 00:00:00,27153.0,27288.0,26881.0,27022.0,27022.0,1001554.26652048
2023-05-15 00:00:00,26927.0,27651.0,26733.0,27180.0,27180.0,2652834.7016226
2023-05-14 00:00:00,26779.0,27183.0,26582.0,26900.0,26900.0,681897.2723620001
2023-05-13 00:00:00,26772.0,27047.0,26698.0,26770.0,26770.0,840514.7138461
2023-05-12 00:00:00,26965.0,27067.0,25830.0,26801.0,26801.0,2454827.75849698
2023-05-11 00:00:00,27579.0,27621.0,26726.0,26995.0,26995.0,2894083.16457645
2023-05-10 00:00:00,27632.0,28310.0,26798.0,27635.0,27635.0,6561010.5581119
2023-05-09 00:00:00,27651.0,27809.0,27361.0,27629.0,27629.0,1188515.31624693
2023-05-08 00:00:00,28529.0,28624.0,27288.0,27685.0,27685.0,1968898.4446782
2023-05-07 00:00:00,28856.0,29113.0,28400.0,28428.0,28428.0,1600070.05448136
2023-05-06 00:00:00,29495.0,29804.0,28360.0,28868.0,28868.0,2685906.534318
2023-05-05 00:00:00,28837.0,29651.0,28814.0,29501.0,29501.0,1634403.01962917
2023-05-04 00:00:00,29055.0,29361.0,28679.0,28840.0,28840.0,939445.606596
2023-05-03 00:00:00,28658.0,29263.0,28118.0,28996.0,28996.0,1971676.162401
2023-05-02 00:00:00,27989.0,28869.0,27901.0,28661.0,28661.0,2497034.27946256
2023-05-01 00:00:00,29232.0,29324.0,27677.0,28075.0,28075.0,3604406.5161385
2023-04-30 00:00:00,29120.0,29952.0,29120.0,29223.0,29223.0,1030159.69589493
2023-04-29 00:00:00,29319.0,29429.0,29037.0,29205.0,29205.0,361242.2692989
2023-04-28 00:00:00,29491.0,29558.0,28900.0,29311.0,29311.0,1064086.72185003
2023-04-27 00:00:00,28455.0,29881.0,28445.0,29415.0,29415.0,4398112.7327187
2023-04-26 00:00:00,28288.0,30003.0,27255.0,28336.0,28336.0,6821867.01359856
2023-04-25 00:00:00,27511.0,28367.0,27237.0,28335.0,28335.0,1113489.65315535
2023-04-24 00:00:00,27587.0,28000.0,26935.0,27513.0,27513.0,1249179.14732796
2023-04-23 00:00:00,27811.0,27811.0,27334.0,27580.0,27580.0,3895894.6104386
2023-04-22 00:00:00,27283.0,27875.0,27169.0,27814.0,27814.0,767084.89214572
2023-04-21 00:00:00,28289.0,28343.0,27129.0,27263.0,27263.0,6292207.74069664
2023-04-20 00:00:00,28791.0,29082.0,28012.0,28242.0,28242.0,2944661.94663678
2023-04-19 00:00:00,30351.0,30387.0,28585.0,28824.0,28824.0,7467271.040291761
2023-04-18 00:00:00,29433.0,30450.0,29110.0,30384.0,30384.0,4082751.7654896
2023-04-17 00:00:00,30306.0,30306.0,29250.0,29438.0,29438.0,1691891.97442808
2023-04-16 00:00:00,30293.0,30543.0,30133.0,30301.0,30301.0,602453.46139834
2023-04-15 00:00:00,30460.0,30550.0,30227.0,30300.0,30300.0,517599.034314
2023-04-14 00:00:00,30381.0,31010.0,29975.0,30484.0,30484.0,1969042.8349166
2023-04-13 00:00:00,29899.0,30592.0,29859.0,30383.0,30383.0,1703336.35570876
2023-04-12 00:00:00,30203.0,30466.0,29666.0,29882.0,29882.0,2870985.7288957
2023-04-11 00:00:00,29657.0,30670.0,29605.0,30209.0,30209.0,4222186.18956885
2023-04-10 00:00:00,28323.0,29777.0,28171.0,29647.0,29647.0,3364546.3069255203
2023-04-09 00:00:00,27927.0,28509.0,27819.0,28310.0,28310.0,680707.6043135
2023-04-08 00:00:00,27910.0,28146.0,27864.0,27932.0,27932.0,919730.0194168
2023-04-07 00:00:00,28039.0,28103.0,27806.0,27909.0,27909.0,805054.50705771
2023-04-06 00:00:00,28162.0,28162.0,27742.0,28040.0,28040.0,1143687.6413208
2023-04-05 00:00:00,28159.0,28773.0,27819.0,28202.0,28202.0,2094948.22462958
2023-04-04 00:00:00,27799.0,28421.0,27659.0,28182.0,28182.0,1310786.68097916
2023-04-03 00:00:00,28155.0,28508.0,27218.0,27809.0,27809.0,8267171.44427275
2023-04-02 00:00:00,28459.0,28517.0,27853.0,28165.0,28165.0,2344006.9150718
2023-04-01 00:00:00,28460.0,28812.0,28230.0,28468.0,28468.0,530324.0606444
2023-03-31 00:00:00,28032.0,28662.0,27551.0,28481.0,28481.0,2029122.29209152
2023-03-30 00:00:00,28348.0,29182.0,27690.0,28043.0,28043.0,3051504.42701256
2023-03-29 00:00:00,27265.0,28625.0,27256.0,28350.0,28350.0,3078455.291604
2023-03-28 00:00:00,27145.0,27514.0,26636.0,27264.0,27264.0,2799158.62624128
2023-03-27 00:00:00,27972.0,28020.0,26568.0,27127.0,27127.0,3553730.7864483697
2023-03-26 00:00:00,27464.0,28158.0,27430.0,27966.0,27966.0,878031.1896477
2023-03-25 00:00:00,27444.0,27754.0,27175.0,27475.0,27475.0,928519.78590875
2023-03-24 00:00:00,28294.0,28364.0,26933.0,27433.0,27433.0,3720428.5940286494
2023-03-23 00:00:00,27250.0,28748.0,27131.0,28320.0,28320.0,3977454.8095584
2023-03-22 00:00:00,28107.0,28813.0,26655.0,27273.0,27273.0,2699985.01376196
2023-03-21 00:00:00,27731.0,28410.0,27362.0,28147.0,28147.0,1181655.3127134
2023-03-20 00:00:00,27997.0,28454.0,27149.0,27677.0,27677.0,9417726.30066554
2023-03-19 00:00:00,27021.0,28372.0,26840.0,27920.0,27920.0,2616145.1677608
2023-03-18 00:00:00,27393.0,27708.0,26603.0,26907.0,26907.0,1859396.98437609
2023-03-17 00:00:00,25002.0,27746.0,24911.0,27407.0,27407.0,6365461.05338619
2023-03-16 00:00:00,24318.0,25161.0,24135.0,25007.0,25007.0,3636162.1141466494
2023-03-15 00:00:00,24697.0,25150.0,23838.0,24287.0,24287.0,3982562.8668305
2023-03-14 00:00:00,24110.0,26378.0,24004.0,24696.0,24696.0,5381446.34347488
2023-03-13 00:00:00,22015.0,24478.0,21038.0,24108.0,24108.0,2274459.44611536
2023-03-12 00:00:00,20469.0,22141.0,20321.0,22039.0,22039.0,1223303.56146181
2023-03-11 00:00:00,20216.0,20681.0,19803.0,20462.0,20462.0,2184473.5755640203
2023-03-10 00:00:00,20331.0,20331.0,19568.0,20112.0,20112.0,2180634.39312864
2023-03-09 00:00:00,21722.0,21803.0,20097.0,20370.0,20370.0,1316912.3306115
2023-03-08 00:00:00,22245.0,22273.0,21640.0,21710.0,21710.0,1410447.6168042
2023-03-07 00:00:00,22420.0,22522.0,21955.0,22218.0,22218.0,1179278.46206772
2023-03-06 00:00:00,22435.0,22603.0,22268.0,22416.0,22416.0,980597.72789664
2023-03-05 00:00:00,22353.0,22645.0,22216.0,22444.0,22444.0,497335.13646668
2023-03-04 00:00:00,22347.0,22402.0,22202.0,22331.0,22331.0,129955.44766315
2023-03-03 00:00:00,23462.0,23464.0,22000.0,22342.0,22342.0,1399694.92356546
2023-03-02 00:00:00,23666.0,23779.0,23242.0,23507.0,23507.0,1816449.43012621
2023-03-01 00:00:00,23148.0,23987.0,23042.0,23626.0,23626.0,3227959.0620246404
2023-02-28 00:00:00,23488.0,23586.0,23040.0,23151.0,23151.0,960103.66024635
2023-02-27 00:00:00,23517.0,23858.0,23129.0,23508.0,23508.0,987809.29643736
2023-02-26 00:00:00,23137.0,23700.0,23076.0,23515.0,23515.0,538620.02316295
2023-02-25 00:00:00,23192.0,23197.0,22746.0,23147.0,23147.0,609074.4930362799
2023-02-24 00:00:00,23925.0,24120.0,22859.0,23194.0,23194.0,1331263.80250912
2023-02-23 00:00:00,24198.0,24596.0,23650.0,23947.0,23947.0,1010500.41651636
2023-02-22 00:00:00,24466.0,24466.0,23597.0,24172.0,24172.0,1189652.27840648
2023-02-21 00:00:00,24889.0,25256.0,24184.0,24426.0,24426.0,1265644.31140206
2023-02-20 00:00:00,24307.0,25100.0,23876.0,24823.0,24823.0,1812376.81592834
2023-02-19 00:00:00,24636.0,25167.0,24220.0,24225.0,24225.0,841942.3280235
2023-02-18 00:00:00,24574.0,24801.0,24446.0,24634.0,24634.0,489007.91283646
2023-02-17 00:00:00,23500.0,25000.0,23385.0,24636.0,24636.0,1705879.8030061205
2023-02-16 00:00:00,24337.0,25207.0,23521.0,23589.0,23589.0,2021715.7627122
2023-02-15 00:00:00,22190.0,24371.0,22091.0,24338.0,24338.0,1729931.0845908
2023-02-14 00:00:00,21764.0,22307.0,21562.0,22204.0,22204.0,513527.45346448
2023-02-13 00:00:00,21800.0,21891.0,21378.0,21803.0,21803.0,316074.75644918
2023-02-12 00:00:00,21860.0,22038.0,21681.0,21783.0,21783.0,144079.61994188998
2023-02-11 00:00:00,21634.0,21841.0,21632.0,21836.0,21836.0,62842.62730972
2023-02-10 00:00:00,21889.0,21905.0,21449.0,21633.0,21633.0,440335.45524597
2023-02-09 00:00:00,22962.0,23006.0,21719.0,21812.0,21812.0,1960164.54831512
2023-02-08 00:00:00,23300.0,23409.0,22700.0,22959.0,22959.0,249982.35277824
2023-02-07 00:00:00,22789.0,23328.0,22780.0,23289.0,23289.0,324734.83651959
2023-02-06 00:00:00,22932.0,23137.0,22300.0,22774.0,22774.0,2187945.4895689
2023-02-05 00:00:00,23334.0,23425.0,22760.0,22955.0,22955.0,869597.58945645
2023-02-04 00:00:00,23430.0,23571.0,23266.0,23315.0,23315.0,250521.56234925
2023-02-03 00:00:00,23507.0,23698.0,23244.0,23434.0,23434.0,807803.90751086
2023-02-02 00:00:00,23745.0,24244.0,23400.0,23473.0,23473.0,1692285.07307144
2023-02-01 00:00:00,23132.0,23800.0,22779.0,23721.0,23721.0,1093975.05434097
2023-01-31 00:00:00,22823.0,23300.0,22727.0,23136.0,23136.0,526348.77341952
2023-01-30 00:00:00,23742.0,23772.0,22505.0,22823.0,22823.0,1853127.13269754
2023-01-29 00:00:00,23029.0,23948.0,22981.0,23783.0,23783.0,849040.9956421499
2023-01-28 00:00:00,23054.0,23158.0,22889.0,22982.0,22982.0,359187.66801138
2023-01-27 00:00:00,23022.0,23484.0,22561.0,23054.0,23054.0,1245921.75633994
2023-01-26 00:00:00,23116.0,23260.0,22872.0,23021.0,23021.0,1231175.47381577
2023-01-25 00:00:00,22643.0,23810.0,22337.0,23042.0,23042.0,1584007.62399742
2023-01-24 00:00:00,22913.0,23141.0,22488.0,22583.0,22583.0,1659691.96485587
2023-01-23 00:00:00,22706.0,23143.0,22521.0,22952.0,22952.0,765744.71113136
2023-01-22 00:00:00,22765.0,23063.0,22259.0,22710.0,22710.0,2087808.9376899
2023-01-21 00:00:00,22671.0,23358.0,22446.0,22777.0,22777.0,3205426.5615669703
2023-01-20 00:00:00,21072.0,22741.0,20876.0,22693.0,22693.0,3068077.9259449
2023-01-19 00:00:00,20676.0,21175.0,20653.0,21125.0,21125.0,1771492.83322375
2023-01-18 00:00:00,21135.0,21631.0,20416.0,20664.0,20664.0,2324630.610288
2023-01-17 00:00:00,21171.0,21606.0,20853.0,21135.0,21135.0,1269096.1115715
2023-01-16 00:00:00,20852.0,21451.0,20644.0,21185.0,21185.0,2449057.47924925
2023-01-15 00:00:00,20932.0,21040.0,20301.0,20870.0,20870.0,1487092.0933442
2023-01-14 00:00:00,19935.0,21300.0,19897.0,20946.0,20946.0,7327049.51341878
2023-01-13 00:00:00,18878.0,19974.0,18723.0,19928.0,19928.0,4506605.33775904
2023-01-12 00:00:00,17956.0,19107.0,17879.0,18854.0,18854.0,5810679.6287034005
2023-01-11 00:00:00,17438.0,17992.0,17322.0,17954.0,17954.0,604551.38906024
2023-01-10 00:00:00,17191.0,17489.0,17152.0,17447.0,17447.0,850588.7698704901
2023-01-09 00:00:00,17135.0,17396.0,17107.0,17189.0,17189.0,1803970.27722972
2023-01-08 00:00:00,16955.0,17158.0,16914.0,17114.0,17114.0,402843.63622348
2023-01-07 00:00:00,16948.0,16974.0,16906.0,16947.0,16947.0,776034.43161741
2023-01-06 00:00:00,16835.0,17020.0,16689.0,16949.0,16949.0,909124.45424695
2023-01-05 00:00:00,16859.0,16879.0,16764.0,16833.0,16833.0,1337789.6322866098
2023-01-04 00:00:00,16672.0,16988.0,16662.0,16849.0,16849.0,727556.54954059
2023-01-03 00:00:00,16670.0,16766.0,15000.0,16678.0,16678.0,1424534.60243914
2023-01-02 00:00:00,16600.0,16768.0,16561.0,16674.0,16674.0,123538.20256932
2023-01-01 00:00:00,16540.0,16626.0,16505.0,16609.0,16609.0,93634.95869067
2022-12-31 00:00:00,16571.0,16635.0,16493.0,16540.0,16540.0,311079.5229038
2022-12-30 00:00:00,16636.0,16678.0,16354.0,16609.0,16609.0,346329.99121089
2022-12-29 00:00:00,16552.0,16658.0,16506.0,16639.0,16639.0,334085.59926819
2022-12-28 00:00:00,16707.0,16759.0,16455.0,16547.0,16547.0,213172.83284659
2022-12-27 00:00:00,16920.0,16966.0,16613.0,16700.0,16700.0,204034.078316
2022-12-26 00:00:00,16836.0,16943.0,16803.0,16920.0,16920.0,225466.7583276
2022-12-25 00:00:00,16838.0,16848.0,16726.0,16824.0,16824.0,121213.19735352
2022-12-24 00:00:00,16801.0,16856.0,16801.0,16838.0,16838.0,147764.76496762
2022-12-23 00:00:00,16821.0,16929.0,16738.0,16782.0,16782.0,269037.6063663
2022-12-22 00:00:00,16826.0,16857.0,16578.0,16828.0,16828.0,997829.30355108
2022-12-21 00:00:00,16891.0,16915.0,16737.0,16834.0,16834.0,1152722.08232342
2022-12-20 00:00:00,16432.0,17059.0,16408.0,16893.0,16893.0,1071611.08885323
2022-12-19 00:00:00,16743.0,16811.0,16244.0,16425.0,16425.0,370331.481051
2022-12-18 00:00:00,16786.0,16825.0,16668.0,16743.0,16743.0,159947.66346894
2022-12-17 00:00:00,16628.0,16795.0,16586.0,16784.0,16784.0,792319.05070208
2022-12-16 00:00:00,17355.0,17534.0,16540.0,16627.0,16627.0,2243570.13112427
2022-12-15 00:00:00,17806.0,17897.0,17294.0,17354.0,17354.0,4875369.1003218
2022-12-14 00:00:00,17774.0,18371.0,17671.0,17799.0,17799.0,4713153.93642465
2022-12-13 00:00:00,17228.0,18000.0,17088.0,17777.0,17777.0,1952129.99555381
2022-12-12 00:00:00,17083.0,17225.0,16867.0,17205.0,17205.0,153388.75211114998
2022-12-11 00:00:00,17122.0,17257.0,17076.0,17097.0,17097.0,94067.89010259
2022-12-10 00:00:00,17134.0,17203.0,17102.0,17125.0,17125.0,57787.14611625
2022-12-09 00:00:00,17217.0,17337.0,17037.0,17147.0,17147.0,115860.37019596
2022-12-08 00:00:00,16834.0,17281.0,16750.0,17219.0,17219.0,225273.64270758
2022-12-07 00:00:00,17078.0,17122.0,16741.0,16829.0,16829.0,155108.40218135
2022-12-06 00:00:00,16966.0,17100.0,16911.0,17073.0,17073.0,120849.41820105
2022-12-05 00:00:00,17094.0,17421.0,16881.0,16961.0,16961.0,391784.43229681
2022-12-04 00:00:00,16945.0,17194.0,16916.0,17115.0,17115.0,519156.78948735
2022-12-03 00:00:00,17098.0,17136.0,16861.0,16892.0,16892.0,66414.32640032
2022-12-02 00:00:00,16975.0,17088.0,16800.0,17078.0,17078.0,355185.1947231
2022-12-01 00:00:00,17169.0,17250.0,16864.0,16975.0,16975.0,635051.51060575
2022-11-30 00:00:00,16454.0,17249.0,16429.0,17184.0,17184.0,926234.21331936
2022-11-29 00:00:00,16215.0,16537.0,16107.0,16449.0,16449.0,592353.9793704001
2022-11-28 00:00:00,16433.0,16487.0,16006.0,16211.0,16211.0,659008.27512
2022-11-27 00:00:00,16458.0,16598.0,16420.0,16430.0,16430.0,413046.8472942
2022-11-26 00:00:00,16521.0,16692.0,16389.0,16454.0,16454.0,689216.01460018
2022-11-25 00:00:00,16595.0,16626.0,16360.0,16517.0,16517.0,911962.469622
2022-11-24 00:00:00,16612.0,16822.0,16470.0,16618.0,16618.0,1699307.9078318002
2022-11-23 00:00:00,16215.0,16670.0,16172.0,16670.0,16670.0,1206887.3800435
2022-11-22 00:00:00,15781.0,16329.0,15637.0,16181.0,16181.0,738605.7496753101
2022-11-21 00:00:00,16285.0,16286.0,15485.0,15789.0,15789.0,780073.58456406
2022-11-20 00:00:00,16703.0,16748.0,16189.0,16279.0,16279.0,729048.0280532
2022-11-19 00:00:00,16695.0,16816.0,16545.0,16704.0,16704.0,2288469.40266816
2022-11-18 00:00:00,16693.0,17000.0,16552.0,16703.0,16703.0,421391.80386624
2022-11-17 00:00:00,16675.0,16752.0,16411.0,16693.0,16693.0,399057.51807623
2022-11-16 00:00:00,16900.0,17000.0,16394.0,16662.0,16662.0,4196615.0878353
2022-11-15 00:00:00,16592.0,17121.0,16540.0,16900.0,16900.0,2251072.790967
2022-11-14 00:00:00,16320.0,17162.0,15836.0,16614.0,16614.0,2767008.85767774
2022-11-13 00:00:00,16786.0,16950.0,16285.0,16336.0,16336.0,855319.23563488
2022-11-12 00:00:00,17063.0,17118.0,16629.0,16789.0,16789.0,575434.3352127101
2022-11-11 00:00:00,17569.0,17787.0,16400.0,17030.0,17030.0,1700497.2580869
2022-11-10 00:00:00,15964.0,18036.0,15823.0,17517.0,17517.0,4193023.05326505
2022-11-09 00:00:00,18509.0,18571.0,15621.0,15930.0,15930.0,3010727.0340819
2022-11-08 00:00:00,20596.0,20666.0,17180.0,18541.0,18541.0,5201574.183925
2022-11-07 00:00:00,20905.0,21050.0,20400.0,20597.0,20597.0,1092079.33896893
2022-11-06 00:00:00,21302.0,21362.0,20884.0,20905.0,20905.0,502669.4482384
2022-11-05 00:00:00,21155.0,21459.0,21080.0,21293.0,21293.0,498155.36635971
2022-11-04 00:00:00,20200.0,21244.0,20184.0,21153.0,21153.0,1210918.98189933
2022-11-03 00:00:00,20148.0,20391.0,20031.0,20200.0,20200.0,799593.10643
2022-11-02 00:00:00,20486.0,20801.0,20066.0,20151.0,20151.0,1261066.8756033
2022-11-01 00:00:00,20484.0,20672.0,20352.0,20482.0,20482.0,440273.4946841
2022-10-31 00:00:00,20642.0,20832.0,20266.0,20497.0,20497.0,525759.21164135
2022-10-30 00:00:00,20812.0,20922.0,20519.0,20595.0,20595.0,776082.47921235
2022-10-29 00:00:00,20587.0,21039.0,20571.0,20814.0,20814.0,1820112.83263332
2022-10-28 00:00:00,20263.0,20735.0,20000.0,20600.0,20600.0,749552.1434279999
2022-10-27 00:00:00,20758.0,20850.0,20216.0,20257.0,20257.0,405709.52373187
2022-10-26 00:00:00,20125.0,21000.0,20125.0,20776.0,20776.0,632402.64956232
2022-10-25 00:00:00,19307.0,20400.0,19259.0,20066.0,20066.0,644826.1945817601
2022-10-24 00:00:00,19544.0,19544.0,19171.0,19337.0,19337.0,629178.59120084
2022-10-23 00:00:00,19202.0,19685.0,19090.0,19544.0,19544.0,291508.11141312
2022-10-22 00:00:00,19170.0,19246.0,19140.0,19199.0,19199.0,187559.89449068
2022-10-21 00:00:00,19044.0,19240.0,18660.0,19166.0,19166.0,1266167.30959936
2022-10-20 00:00:00,19159.0,19320.0,18936.0,19000.0,19000.0,390610.21142
2022-10-19 00:00:00,19328.0,19344.0,19076.0,19115.0,19115.0,194472.36954825
2022-10-18 00:00:00,19546.0,19700.0,19100.0,19332.0,19332.0,204159.14753436
2022-10-17 00:00:00,19259.0,19645.0,19172.0,19548.0,19548.0,263492.43002028
2022-10-16 00:00:00,19063.0,19420.0,19063.0,19250.0,19250.0,230601.3939075
2022-10-15 00:00:00,19184.0,19208.0,19000.0,19057.0,19057.0,90358.35901419
2022-10-14 00:00:00,19377.0,19938.0,19100.0,19176.0,19176.0,448629.04444224
2022-10-13 00:00:00,19160.0,19500.0,18000.0,19428.0,19428.0,911437.23506832
2022-10-12 00:00:00,19063.0,19224.0,19014.0,19152.0,19152.0,326314.28050704
2022-10-11 00:00:00,19122.0,19203.0,18883.0,19058.0,19058.0,487225.6905048
2022-10-10 00:00:00,19418.0,19517.0,19065.0,19144.0,19144.0,346502.93283016
2022-10-09 00:00:00,19425.0,19539.0,19335.0,19436.0,19436.0,177613.99584899997
2022-10-08 00:00:00,19556.0,19609.0,19283.0,19389.0,19389.0,254374.12936638
2022-10-07 00:00:00,19981.0,20045.0,19355.0,19574.0,19574.0,307838.84776234
2022-10-06 00:00:00,20191.0,20400.0,19867.0,19931.0,19931.0,608085.18751251
2022-10-05 00:00:00,20157.0,20300.0,19748.0,20157.0,20157.0,404750.2278351
2022-10-04 00:00:00,19575.0,20457.0,19515.0,20359.0,20359.0,1039795.38290176
2022-10-03 00:00:00,19181.0,19710.0,19142.0,19638.0,19638.0,404716.665033
2022-10-02 00:00:00,19299.0,19324.0,18941.0,18942.0,18942.0,58587.0746769
2022-10-01 00:00:00,19452.0,19452.0,19173.0,19308.0,19308.0,257007.93014556
2022-09-30 00:00:00,19610.0,20100.0,19154.0,19432.0,19432.0,447294.8725078401
2022-09-29 00:00:00,19411.0,19636.0,18880.0,19603.0,19603.0,441274.84210718
2022-09-28 00:00:00,19098.0,19768.0,18495.0,19407.0,19407.0,525231.64360083
2022-09-27 00:00:00,19400.0,20351.0,18830.0,19153.0,19153.0,994342.4076325
2022-09-26 00:00:00,18889.0,19300.0,18732.0,19236.0,19236.0,255953.53235256
2022-09-25 00:00:00,18947.0,19156.0,18700.0,18786.0,18786.0,152005.82546693998
2022-09-24 00:00:00,19270.0,19281.0,18868.0,18903.0,18903.0,71826.45213974999
2022-09-23 00:00:00,19410.0,19461.0,18548.0,19370.0,19370.0,169554.59399969998
2022-09-22 00:00:00,18456.0,19520.0,18391.0,19484.0,19484.0,255309.27866776
2022-09-21 00:00:00,18923.0,19850.0,18180.0,18496.0,18496.0,326403.30036096
2022-09-20 00:00:00,19542.0,19550.0,18733.0,18871.0,18871.0,122712.17354146
2022-09-19 00:00:00,19418.0,19670.0,18325.0,19634.0,19634.0,512037.16956008
2022-09-18 00:00:00,20011.0,20073.0,19360.0,19360.0,19360.0,50174.3755568
2022-09-17 00:00:00,19814.0,20121.0,19800.0,20011.0,20011.0,76313.35067077
2022-09-16 00:00:00,19715.0,19840.0,19376.0,19734.0,19734.0,295898.0174436
2022-09-15 00:00:00,20227.0,20239.0,19545.0,19710.0,19710.0,774752.9771349
2022-09-14 00:00:00,20174.0,20528.0,19682.0,20201.0,20201.0,258680.85959322
2022-09-13 00:00:00,22410.0,22751.0,19895.0,20216.0,20216.0,535932.7726536001
2022-09-12 00:00:00,21804.0,22438.0,21563.0,22315.0,22315.0,632174.0033119
2022-09-11 00:00:00,21687.0,21868.0,21391.0,21799.0,21799.0,113375.03077994
2022-09-10 00:00:00,21339.0,21782.0,21156.0,21724.0,21724.0,195267.50698464
2022-09-09 00:00:00,19334.0,21620.0,19334.0,21365.0,21365.0,633760.71702525
2022-09-08 00:00:00,19315.0,19370.0,19087.0,19308.0,19308.0,161626.08017184
2022-09-07 00:00:00,18775.0,19442.0,18541.0,19379.0,19379.0,83126.32999135
2022-09-06 00:00:00,19781.0,20155.0,18742.0,18848.0,18848.0,424456.39248672
2022-09-05 00:00:00,20010.0,20046.0,19657.0,19768.0,19768.0,274951.27377368
2022-09-04 00:00:00,19786.0,20000.0,19598.0,19999.0,19999.0,159691.35003325
2022-09-03 00:00:00,19959.0,20030.0,19683.0,19707.0,19707.0,146559.50895894
2022-09-02 00:00:00,20123.0,20415.0,19773.0,19963.0,19963.0,524334.6921579799
2022-09-01 00:00:00,20047.0,20185.0,19585.0,20116.0,20116.0,1049602.89133768
2022-08-31 00:00:00,19876.0,20392.0,19876.0,20041.0,20041.0,1421505.99182571
2022-08-30 00:00:00,20222.0,20493.0,19607.0,19798.0,19798.0,194555.38828732
2022-08-29 00:00:00,19576.0,20378.0,19576.0,20300.0,20300.0,78588.846119
2022-08-28 00:00:00,20043.0,20141.0,19552.0,19552.0,19552.0,144074.16777312
2022-08-27 00:00:00,20299.0,20360.0,19800.0,20024.0,20024.0,274252.2462456
2022-08-26 00:00:00,21557.0,21841.0,20144.0,20238.0,20238.0,671826.43768704
2022-08-25 00:00:00,21355.0,21743.0,21321.0,21568.0,21568.0,73112.241664
2022-08-24 00:00:00,21522.0,22222.0,21165.0,21365.0,21365.0,839465.495484
2022-08-23 00:00:00,21418.0,21645.0,20899.0,21520.0,21520.0,142875.2575416
2022-08-22 00:00:00,21421.0,21522.0,20903.0,21405.0,21405.0,105629.8790373
2022-08-21 00:00:00,21262.0,21749.0,21073.0,21539.0,21539.0,127951.28944073
2022-08-20 00:00:00,21105.0,21331.0,20994.0,21129.0,21129.0,98695.46631483
2022-08-19 00:00:00,23080.0,23083.0,20885.0,20910.0,20910.0,1295645.3811042
2022-08-18 00:00:00,23338.0,23548.0,23146.0,23197.0,23197.0,17201.45420236
2022-08-17 00:00:00,24069.0,24425.0,23269.0,23304.0,23304.0,262763.39464584
2022-08-16 00:00:00,24176.0,24185.0,23713.0,23864.0,23864.0,61077.076775040005
2022-08-15 00:00:00,24427.0,25200.0,23910.0,24090.0,24090.0,62380.2836382
2022-08-14 00:00:00,24773.0,25003.0,24202.0,24271.0,24271.0,48092.83577709
2022-08-13 00:00:00,24380.0,24807.0,24380.0,24505.0,24505.0,45821.8156929
2022-08-12 00:00:00,24000.0,24393.0,23760.0,24393.0,24393.0,90479.35154811
2022-08-11 00:00:00,23966.0,24873.0,23944.0,23944.0,23944.0,97818.91740416
2022-08-10 00:00:00,22874.61,24149.0,22690.8,23937.0,23937.0,340280.61032067
2022-08-09 00:00:00,23808.4,23886.77,22990.34,23199.58,23199.58,66921.445829134
2022-08-08 00:00:00,23218.99,24240.28,23200.16,23760.0,23760.0,150372.2247984
2022-08-07 00:00:00,23037.44,23310.03,22939.76,23122.19,23122.19,34360.1773667152
2022-08-06 00:00:00,23295.02,23296.5,23128.76,23155.62,23155.62,21353.7438949734
2022-08-05 00:00:00,22720.69,23409.92,22720.69,23243.81,23243.81,264518.7003118182
2022-08-04 00:00:00,22819.68,23216.53,22549.44,22615.52,22615.52,249515.6612071776
2022-08-03 00:00:00,22727.68,23601.42,22727.68,22833.1,22833.1,143479.66332447898
2022-08-02 00:00:00,23245.58,23411.8,22717.17,23084.2,23084.2,121662.424970458
2022-08-01 00:00:00,23373.15,23406.59,22847.29,23321.41,23321.41,138062.96991946548
2022-07-31 00:00:00,23546.57,24119.08,23260.34,23338.38,23338.38,134262.10929685322
2022-07-30 00:00:00,23906.0,24625.0,23573.8,23713.19,23713.19,700053.0509264098
2022-07-29 00:00:00,23850.78,24408.8,23465.29,23906.89,23906.89,236894.8659952805
2022-07-28 00:00:00,23010.36,24089.78,22784.58,23906.39,23906.39,872437.773940342
2022-07-27 00:00:00,21210.78,23036.04,21061.74,22936.69,22936.69,397501.3758828525
2022-07-26 00:00:00,21258.7,21258.7,20792.87,21098.62,21098.62,250569.3338521582
2022-07-25 00:00:00,22571.05,22571.05,21298.19,21353.99,21353.99,237286.0320790281
2022-07-24 00:00:00,22586.64,22974.56,22502.92,22604.23,22604.23,68897.4667716577
2022-07-23 00:00:00,22792.31,22981.06,21983.23,22461.22,22461.22,79093.9601249714
2022-07-22 00:00:00,23138.47,23684.18,22549.49,22720.55,22720.55,255149.9931640305
2022-07-21 00:00:00,23297.35,23385.99,22434.29,23156.28,23156.28,192656.0011173084
2022-07-20 00:00:00,23076.53,24205.25,22998.81,23251.44,23251.44,573478.9267700879
2022-07-19 00:00:00,22431.76,23726.67,21615.54,23284.37,23284.37,432315.4860367246
2022-07-18 00:00:00,20942.69,22720.0,20942.69,22522.81,22522.81,189862.8765319772
2022-07-17 00:00:00,21283.47,21551.09,20500.05,20969.82,20969.82,96803.6242588704
2022-07-16 00:00:00,20739.72,21529.5,20515.98,21266.01,21266.01,107754.3571819176
2022-07-15 00:00:00,20580.84,21165.79,20478.4,20975.5,20975.5,116295.418405985
2022-07-14 00:00:00,20208.45,20832.6,19652.53,20560.57,20560.57,350120.8470974286
2022-07-13 00:00:00,19406.51,20315.08,18800.01,20240.28,20240.28,277811.0582836176
2022-07-12 00:00:00,19856.32,19941.55,19367.47,19478.18,19478.18,94147.1653769122
2022-07-11 00:00:00,20702.36,20819.03,19990.26,19990.26,19990.26,229907.7741604194
2022-07-10 00:00:00,21591.34,21594.45,20695.05,20826.92,20826.92,12400.1561437976
2022-07-09 00:00:00,21524.84,21861.99,21376.69,21587.18,21587.18,59646.5522508484
2022-07-08 00:00:00,21632.94,22446.93,21304.76,21971.85,21971.85,849311.325369051
2022-07-07 00:00:00,20535.57,21706.73,20280.53,21677.07,21677.07,2138894.424703973
2022-07-06 00:00:00,20147.3,20573.41,19830.09,20559.52,20559.52,139368.8715032624
2022-07-05 00:00:00,20215.69,20636.26,19357.75,20175.07,20175.07,2333043.9076988813
2022-07-04 00:00:00,19279.3,20294.4,19106.91,20294.4,20294.4,180868.243616256
2022-07-03 00:00:00,19203.3,19502.71,18817.77,19238.46,19238.46,40415.29007537699
2022-07-02 00:00:00,19233.97,19385.07,19000.0,19250.31,19250.31,346770.69565432623
2022-07-01 00:00:00,19837.55,20871.09,18993.02,19424.61,19424.61,190481.21101777232
2022-06-30 00:00:00,20027.59,22449.16,18745.23,19927.12,19927.12,462380.8554739616
2022-06-29 00:00:00,20284.84,20380.46,19871.12,20081.77,20081.77,369843.018118872
2022-06-28 00:00:00,20797.87,21082.52,20230.51,20230.51,20230.51,62035.7162957952
2022-06-27 00:00:00,21076.61,21537.61,20655.31,20887.12,20887.12,147727.89311463918
2022-06-26 00:00:00,21472.52,21472.52,20982.65,21019.09,21019.09,27454.4305879123
2022-06-25 00:00:00,21230.39,21510.8,20855.57,21421.33,21421.33,156623.0743787346
2022-06-24 00:00:00,21107.3,21404.66,20760.61,21356.38,21356.38,103963.3569386006
2022-06-23 00:00:00,20032.51,21136.28,20032.51,21117.52,21117.52,147408.6852924264
2022-06-22 00:00:00,20606.71,20865.6,19798.85,20008.88,20008.88,2946648.8918752177
2022-06-21 00:00:00,20586.86,21671.79,20426.57,20675.22,20675.22,553383.1643097451
2022-06-20 00:00:00,20375.43,21039.07,19705.32,20679.94,20679.94,146096.9283514678
2022-06-19 00:00:00,18992.47,20787.04,18065.75,20633.34,20633.34,368565.0553413192
2022-06-18 00:00:00,20448.47,20588.36,17658.9,19022.0,19022.0,675047.4716615
2022-06-17 00:00:00,20621.08,21336.88,20390.88,20524.59,20524.59,192528.2425514148
2022-06-16 00:00:00,22693.45,22952.55,20394.61,20394.61,20394.61,295102.8814351043
2022-06-15 00:00:00,22047.88,22727.6,20117.92,22631.22,22631.22,1145302.7851875438
2022-06-14 00:00:00,22425.4,23249.69,20887.91,21992.67,21992.67,414269.6331269664
2022-06-13 00:00:00,26734.48,26833.56,22000.0,22453.83,22453.83,989331.4311057954
2022-06-12 00:00:00,28502.97,28543.54,26666.0,26766.16,26766.16,377512.5300729384
2022-06-11 00:00:00,29424.69,29424.7,28213.0,28319.05,28319.05,59449.07693885949
2022-06-10 00:00:00,29711.2,30180.58,28942.32,29176.34,29176.34,149261.2937864658
2022-06-09 00:00:00,30196.17,30556.98,30067.52,30193.44,30193.44,29317.9123661568
2022-06-08 00:00:00,30922.55,30995.22,30071.7,30216.42,30216.42,112836.8134003032
2022-06-07 00:00:00,30743.34,31416.02,29393.25,31416.02,31416.02,202163.8366873528
2022-06-06 00:00:00,30213.0,31746.27,30213.0,31494.8,31494.8,224764.585318848
2022-06-05 00:00:00,29854.61,30024.74,29611.81,30009.78,30009.78,26817.1037267292
2022-06-04 00:00:00,29599.65,29913.0,29509.08,29687.83,29687.83,1936.4952910597
2022-06-03 00:00:00,30400.0,30618.4,29300.0,29831.4,29831.4,279763.608514518
2022-06-02 00:00:00,29756.0,30671.05,29722.29,30440.91,30440.91,184521.5829019833
2022-06-01 00:00:00,31740.0,31950.0,29485.48,29813.18,29813.18,302384.4733348426
2022-05-31 00:00:00,31694.56,32750.0,31276.8,31797.86,31797.86,140333.97504972882
2022-05-30 00:00:00,29390.85,32198.0,29390.85,31729.24,31729.24,304494.8657260092
2022-05-29 00:00:00,29073.3,29500.0,28958.62,29500.0,29500.0,125860.225145
2022-05-28 00:00:00,28686.91,29100.0,28571.54,29015.79,29015.79,174492.7600371144
2022-05-27 00:00:00,28711.36,29292.59,28711.36,29158.49,29158.49,40734.4195691319
2022-05-26 00:00:00,29735.0,29848.19,28100.0,29513.71,29513.71,290166.247490508
2022-05-25 00:00:00,29880.0,30210.64,29387.79,29698.38,29698.38,114768.0028926378
2022-05-24 00:00:00,29178.0,29724.32,29050.56,29621.41,29621.41,143626.174877185
2022-05-23 00:00:00,30375.98,30568.95,28965.0,28965.0,28965.0,165976.6373751
2022-05-22 00:00:00,29326.0,30309.38,29300.18,30309.38,30309.38,36331.8622926264
2022-05-21 00:00:00,29103.77,29577.46,29103.77,29485.89,29485.89,22939.4088186291
2022-05-20 00:00:00,30223.28,30371.84,28776.86,29323.34,29323.34,111484.9529330576
2022-05-19 00:00:00,29026.69,30507.84,28925.83,30116.7,30116.7,187279.355444013
2022-05-18 00:00:00,30491.04,30586.56,28899.58,29150.0,29150.0,256316.5233805
2022-05-17 00:00:00,29837.16,30674.82,29484.42,30551.44,30551.44,212454.0428503776
2022-05-16 00:00:00,31286.11,31286.11,29330.95,30203.69,30203.69,481230.1974332831
2022-05-15 00:00:00,29760.89,31348.78,29485.36,31348.78,31348.78,189578.148210056
2022-05-14 00:00:00,29386.74,30086.63,28814.3,30082.01,30082.01,289371.20766822656
2022-05-13 00:00:00,28996.99,32198.0,28930.27,29396.65,29396.65,2770007.422445792
2022-05-12 00:00:00,29180.05,31699.82,26839.41,29058.82,29058.82,3449610.041204855
2022-05-11 00:00:00,30994.64,32064.74,27880.0,29013.65,29013.65,2728908.658793737
2022-05-10 00:00:00,30000.0,32511.17,29800.0,30991.92,30991.92,651944.6425414992
2022-05-09 00:00:00,34106.79,34225.89,30050.0,30050.0,30050.0,1351693.1052865
2022-05-08 00:00:00,35367.54,35394.39,33521.25,34127.31,34127.31,468936.12489481794
2022-05-07 00:00:00,36063.41,36097.34,34939.2,35553.48,35553.48,310244.1501293628
2022-05-06 00:00:00,36565.19,36565.19,35293.0,36091.99,36091.99,629883.5205757468
2022-05-05 00:00:00,39611.17,39774.16,35721.31,36590.32,36590.32,668150.5305819135
2022-05-04 00:00:00,37733.21,40000.0,37733.21,39616.92,39616.92,447942.9098343276
2022-05-03 00:00:00,38453.18,38559.88,37577.78,37856.61,37856.61,299208.7928786814
2022-05-02 00:00:00,38594.68,39075.32,38094.85,38503.37,38503.37,259980.36918644712
2022-05-01 00:00:00,37500.0,38604.39,37485.95,38487.66,38487.66,186795.92668040763
2022-04-30 00:00:00,38627.29,38688.4,37585.13,37689.39,37689.39,225556.89012685348
2022-04-29 00:00:00,39658.0,39708.08,38207.07,38567.68,38567.68,1014260.3195852928
2022-04-28 00:00:00,39459.06,40250.39,38938.84,39730.0,39730.0,871698.1146706999
2022-04-27 00:00:00,38187.86,39391.89,38041.41,39169.57,39169.57,938605.8806583568
2022-04-26 00:00:00,40449.63,40741.26,37750.0,38104.46,38104.46,681500.4329575064
2022-04-25 00:00:00,39343.43,40575.94,38250.0,40412.14,40412.14,836583.0085661012
2022-04-24 00:00:00,39560.86,39829.62,39000.0,39507.91,39507.91,135449.86999447283
2022-04-23 00:00:00,39686.13,39967.94,39283.69,39393.36,39393.36,192180.2995509264
2022-04-22 00:00:00,40381.56,40750.98,39207.99,39715.04,39715.04,373655.1225300912
2022-04-21 00:00:00,41416.44,42935.41,40000.0,40512.31,40512.31,856345.850714624
2022-04-20 00:00:00,41312.27,42133.07,40938.14,41368.6,41368.6,537384.774758286
2022-04-19 00:00:00,40861.29,41759.23,40620.07,41487.35,41487.35,182908.4101655575
2022-04-18 00:00:00,39878.04,41022.83,38624.02,40919.49,40919.49,1237739.2699993325
2022-04-17 00:00:00,40363.99,40511.47,39750.0,39783.13,39783.13,34295.2592605829
2022-04-16 00:00:00,40603.77,40690.17,40049.51,40497.76,40497.76,110695.587013768
2022-04-15 00:00:00,39902.51,40710.1,39883.76,40320.7,40320.7,152711.62114939498
2022-04-14 00:00:00,41300.0,41407.57,39500.01,39935.37,39935.37,140952.1699593585
2022-04-13 00:00:00,40111.74,41378.53,39683.12,41233.02,41233.02,851710.927346338
2022-04-12 00:00:00,39391.21,40659.28,39313.0,40114.81,40114.81,479833.8991302614
2022-04-11 00:00:00,42071.81,42366.44,39242.77,39461.52,39461.52,1017353.7953509392
2022-04-10 00:00:00,42764.08,43647.7,41899.24,42198.46,42198.46,325296.2530920718
2022-04-09 00:00:00,42303.7,42824.28,42184.39,42711.36,42711.36,138315.4743306528
2022-04-08 00:00:00,43395.96,43960.26,42222.22,42222.22,42222.22,259407.7345247384
2022-04-07 00:00:00,43247.17,43853.26,42784.67,43477.76,43477.76,228862.68390629123
2022-04-06 00:00:00,45333.0,45506.02,43307.09,43427.26,43427.26,752829.9200938896
2022-04-05 00:00:00,46614.22,47015.95,45511.21,45582.76,45582.76,522849.9581816821
2022-04-04 00:00:00,46284.38,46712.29,45186.89,46641.63,46641.63,1734117.319322031
2022-04-03 00:00:00,45666.0,47378.72,45651.06,46378.47,46378.47,125149.09468758422
2022-04-02 00:00:00,47000.0,47200.0,45667.0,46192.98,46192.98,49145.37798670141
2022-04-01 00:00:00,45430.13,46667.0,44333.0,46317.25,46317.25,225969.73828346748
2022-03-31 00:00:00,47171.09,47560.25,45252.2,45501.26,45501.26,173200.9493311636
2022-03-30 00:00:00,47424.79,47667.0,46623.1,46993.5,46993.5,241950.806000055
2022-03-29 00:00:00,47126.56,48031.97,46982.1,47444.94,47444.94,200107.7244652104
2022-03-28 00:00:00,47000.0,48188.44,46712.59,47107.25,47107.25,721785.2743606725
